{
  "project_info": {
    "project_number": "802647298461",
    "firebase_url": "https://friendlichat-44a3c.firebaseio.com",
    "project_id": "friendlichat-44a3c",
    "storage_bucket": "friendlichat-44a3c.appspot.com"
  },
  "client": [
    {
      "client_info": {
        "mobilesdk_app_id": "1:802647298461:android:b5d75907de594a2d",
        "android_client_info": {
          "package_name": "com.google.firebase.codelab.friendlychat"
        }
      },
      "oauth_client": [
        {
          "client_id": "802647298461-dff50a5d086jqpsfv8esb19avhseu0nl.apps.googleusercontent.com",
          "client_type": 1,
          "android_info": {
            "package_name": "com.google.firebase.codelab.friendlychat",
            "certificate_hash": "322d31425b27d9db305111b8bbebba66fc5ced26"
          }
        },
        {
          "client_id": "802647298461-43jl1eatrefb2v62p58s6tj2q2054is5.apps.googleusercontent.com",
          "client_type": 3
        }
      ],
      "api_key": [
        {
          "current_key": "AIzaSyDr4uUfVnmK8CBdsNIAM1Spz45fAAfOiTM"
        }
      ],
      "services": {
        "analytics_service": {
          "status": 1
        },
        "appinvite_service": {
          "status": 2,
          "other_platform_oauth_client": [
            {
              "client_id": "802647298461-43jl1eatrefb2v62p58s6tj2q2054is5.apps.googleusercontent.com",
              "client_type": 3
            }
          ]
        },
        "ads_service": {
          "status": 2
        }
      }
    }
  ],
  "configuration_version": "1"
}